City_ID,City,Country,Lat,Lng,Max Temp,Humidity,Cloudiness,Wind Speed,Current Description
0,Mataura,NZ,-46.1927,168.8643,66.47,30,53,1.39,broken clouds
1,Ligayan,PH,4.6533,119.4706,82.83,74,62,9.8,broken clouds
2,Ushuaia,AR,-54.8,-68.3,51.46,71,75,10.36,broken clouds
3,Qaanaaq,GL,77.484,-69.3632,-9.76,71,39,7.56,scattered clouds
4,Iqaluit,CA,63.7506,-68.5145,-9.31,76,100,0.0,light snow
5,Tasiilaq,GL,65.6145,-37.6368,21.36,95,100,5.37,light snow
6,Vaini,TO,-21.2,-175.2,82.8,77,73,15.52,broken clouds
7,Souillac,MU,-20.5167,57.5167,73.78,83,40,5.75,scattered clouds
8,Bredasdorp,ZA,-34.5322,20.0403,65.28,88,1,6.91,clear sky
9,Carutapera,BR,-1.195,-46.02,73.27,96,100,5.12,overcast clouds
10,Lorengau,PG,-2.0226,147.2712,84.58,69,63,5.75,broken clouds
11,Busselton,AU,-33.65,115.3333,67.05,60,0,12.35,clear sky
12,Chengde,CN,40.9725,117.9361,9.82,61,2,4.52,clear sky
13,Maldonado,UY,-34.6667,-54.9167,64.22,68,21,5.08,few clouds
14,Nikolskoye,RU,59.7035,30.7861,30.87,96,100,8.7,snow
15,Paita,PE,-5.0892,-81.1144,71.35,84,45,11.97,scattered clouds
16,Kapaa,US,22.0752,-159.319,81.12,65,0,3.0,clear sky
17,Rikitea,PF,-23.1203,-134.9692,78.73,75,84,17.45,broken clouds
18,Verkhoyansk,RU,67.5447,133.385,-19.93,97,100,2.35,overcast clouds
19,Champerico,GT,14.3,-91.9167,84.76,61,14,6.26,few clouds
20,Jackson,US,42.4165,-122.8345,62.02,30,0,0.0,clear sky
21,Tocopilla,CL,-22.092,-70.1979,69.64,75,85,9.8,overcast clouds
22,Tehachapi,US,35.1322,-118.449,58.39,18,0,13.0,clear sky
23,Blythe,US,33.6103,-114.5964,72.05,9,0,11.5,clear sky
24,Hermanus,ZA,-34.4187,19.2345,65.8,80,12,2.93,few clouds
25,Albany,US,42.6001,-73.9662,24.46,56,92,4.52,overcast clouds
26,Mamakan,RU,57.8161,114.0028,-28.91,100,93,1.07,overcast clouds
27,Waverley,ZA,-25.7023,28.2591,70.41,88,97,3.44,overcast clouds
28,Bonfim,BR,3.0833,-59.95,83.19,52,83,7.83,broken clouds
29,Ahipara,NZ,-35.1667,173.1667,75.16,51,5,12.06,clear sky
30,Kieta,PG,-6.2167,155.6333,85.12,66,100,2.64,light rain
31,Baykit,RU,61.67,96.37,-20.88,100,70,1.36,broken clouds
32,Kenora,CA,49.8167,-94.4337,-0.42,65,40,5.75,scattered clouds
33,Chuy,UY,-33.6971,-53.4616,65.88,67,62,7.61,broken clouds
34,Hobart,AU,-42.8794,147.3294,86.02,55,75,9.22,broken clouds
35,Cherskiy,RU,68.75,161.3,-36.33,96,54,1.92,broken clouds
36,Mananjary,MG,-21.2167,48.3333,73.98,77,73,4.45,light rain
37,Hun,LY,29.1268,15.9477,44.65,54,65,3.38,broken clouds
38,Yarada,IN,17.65,83.2667,70.12,78,20,2.3,mist
39,Pisco,PE,-13.7,-76.2167,68.05,77,44,20.71,smoke
40,Ndjole,GA,-0.1783,10.7649,74.77,96,22,1.52,few clouds
41,Hovd,MN,48.0056,91.6419,-4.31,90,100,2.64,overcast clouds
42,Napanee,CA,44.2501,-76.9494,28.24,95,100,15.08,light snow
43,Tandil,AR,-37.3217,-59.1332,58.86,60,58,7.43,broken clouds
44,Vanimo,PG,-2.6741,141.3028,83.66,74,96,1.28,overcast clouds
45,Lodja,CD,-3.4833,23.4333,69.82,90,100,1.83,light rain
46,Kagoro,NG,9.6,8.3833,65.61,29,31,7.58,scattered clouds
47,College,US,64.8569,-147.8028,-6.41,74,100,3.44,overcast clouds
48,Prieska,ZA,-29.6641,22.7474,83.48,25,25,5.77,scattered clouds
49,Adrar,MR,20.5022,-10.0711,68.04,11,97,4.43,overcast clouds
50,Amahai,ID,-3.3333,128.9167,81.1,77,95,4.14,overcast clouds
51,Butaritari,KI,3.0707,172.7902,82.27,77,37,15.12,scattered clouds
52,Tuktoyaktuk,CA,69.4541,-133.0374,-20.2,76,20,8.05,few clouds
53,Saskylakh,RU,71.9167,114.0833,2.8,87,61,14.61,broken clouds
54,Hilo,US,19.7297,-155.09,82.13,63,0,14.97,clear sky
55,Tanabe,JP,33.7333,135.3667,47.41,61,40,11.5,scattered clouds
56,Nyazepetrovsk,RU,56.0531,59.6028,-2.2,100,87,1.88,overcast clouds
57,Bethel,US,41.3712,-73.414,29.64,73,0,3.44,clear sky
58,Jamestown,US,42.097,-79.2353,25.09,62,100,8.01,overcast clouds
59,Keetmanshoop,NA,-26.5833,18.1333,72.52,53,79,12.66,broken clouds
60,Galle,LK,6.0367,80.217,72.99,86,98,5.55,overcast clouds
61,Bengkulu,ID,-3.8004,102.2655,76.64,85,99,3.11,overcast clouds
62,Tamandare,BR,-8.7597,-35.1047,78.24,82,85,5.17,overcast clouds
63,Airai,TL,-8.9266,125.4092,67.86,71,99,3.29,overcast clouds
64,Thompson,CA,55.7435,-97.8558,-7.44,71,75,6.91,broken clouds
65,Torbay,CA,47.6666,-52.7314,20.57,87,100,11.5,light shower snow
66,Bluff,NZ,-46.6,168.3333,66.79,58,74,6.31,broken clouds
67,Kavieng,PG,-2.5744,150.7967,85.17,65,81,5.59,light rain
68,Aklavik,CA,68.2191,-135.0107,-11.2,70,75,4.61,broken clouds
69,Saldanha,ZA,-33.0117,17.9442,60.85,84,0,17.45,clear sky
70,Kirakira,SB,-10.4544,161.9205,78.94,90,100,7.85,overcast clouds
71,Zhenlai,CN,45.8495,123.2973,-4.94,87,8,5.03,clear sky
72,Taoudenni,ML,22.6783,-3.9836,69.22,17,97,12.39,overcast clouds
73,Galesong,ID,-5.3166,119.3661,75.22,74,100,5.01,overcast clouds
74,Manta,EC,-0.95,-80.7333,76.78,88,100,4.61,overcast clouds
75,Faya,SA,18.3851,42.4509,51.91,86,33,0.98,scattered clouds
76,Huarmey,PE,-10.0681,-78.1522,71.76,83,99,8.46,overcast clouds
77,Georgetown,MY,5.4112,100.3354,78.89,89,20,4.61,few clouds
78,Karratha,AU,-20.7377,116.8463,80.6,63,10,13.09,clear sky
79,Chokurdakh,RU,70.6333,147.9167,-23.84,92,75,10.38,broken clouds
80,Faanui,PF,-16.4833,-151.75,80.85,76,19,15.48,light rain
81,Touros,BR,-5.1989,-35.4608,77.9,80,92,7.11,overcast clouds
82,Hithadhoo,MV,-0.6,73.0833,81.07,69,99,14.2,overcast clouds
83,Tateyama,JP,34.9833,139.8667,48.47,71,98,6.53,overcast clouds
84,Provideniya,RU,64.3833,-173.3,-3.64,65,0,6.71,clear sky
85,Magistralnyy,RU,56.1725,107.4458,-20.33,100,69,1.95,broken clouds
86,Neftcala,AZ,39.3742,49.2472,38.66,95,100,2.33,overcast clouds
87,Ambilobe,MG,-13.2,49.05,72.93,92,93,2.62,overcast clouds
88,Yershov,RU,51.3513,48.2766,17.67,92,100,6.08,light snow
89,Atuona,PF,-9.8,-139.0333,78.24,77,3,17.36,clear sky
90,Saint-Philippe,RE,-21.3585,55.7679,72.99,83,73,8.61,light rain
91,Bubaque,GW,11.2833,-15.8333,78.46,65,66,15.12,broken clouds
92,Kyren,RU,51.6828,102.1408,-5.1,91,82,1.01,broken clouds
93,Khandbari,NP,27.3747,87.2039,42.94,72,58,2.51,broken clouds
94,Forestville,US,38.8451,-76.875,34.2,58,0,5.75,clear sky
95,Isangel,VU,-19.55,169.2667,87.91,70,75,6.91,light rain
96,Severo-Kurilsk,RU,50.6789,156.125,24.89,86,95,37.47,light snow
97,Waldoboro,US,44.0954,-69.3756,29.43,87,100,10.65,overcast clouds
98,Celestun,MX,20.8667,-90.4,74.35,75,48,13.76,scattered clouds
99,Baicheng,CN,45.6167,122.8167,-2.78,85,4,5.55,clear sky
100,Upernavik,GL,72.7868,-56.1549,0.81,95,67,25.21,broken clouds
101,Itarema,BR,-2.9248,-39.9167,76.05,85,100,7.27,overcast clouds
102,Shimoda,JP,34.6667,138.95,44.1,58,98,5.08,overcast clouds
103,Zhigansk,RU,66.7697,123.3711,-32.42,100,53,3.18,broken clouds
104,Tukums,LV,56.9669,23.1553,36.75,98,100,7.78,overcast clouds
105,Liverpool,GB,53.4106,-2.9779,44.62,95,40,3.0,scattered clouds
106,Codrington,AU,-38.2667,141.9667,68.85,83,52,6.04,light rain
107,Zyryanka,RU,65.75,150.85,-29.85,96,100,5.48,overcast clouds
108,Kavaratti,IN,10.5669,72.642,78.87,72,57,10.6,broken clouds
109,Daman,IN,20.4167,72.85,64.83,50,0,8.79,clear sky
110,Evensk,RU,61.95,159.2333,19.54,82,100,37.92,overcast clouds
111,Sohag,EG,26.557,31.6948,43.68,56,0,6.11,clear sky
112,Khani,GE,41.9563,42.9566,24.37,82,59,6.26,broken clouds
113,Avarua,CK,-21.2078,-159.775,84.25,79,49,16.11,scattered clouds
114,Vardo,NO,70.3705,31.1107,26.69,89,100,9.04,light snow
115,Khatanga,RU,71.9667,102.5,5.49,77,97,16.64,overcast clouds
116,Lasa,IT,46.6166,10.7002,44.06,55,47,7.85,scattered clouds
117,Kodiak,US,57.79,-152.4072,36.91,87,100,13.8,light rain
118,Sambava,MG,-14.2667,50.1667,74.82,83,31,9.86,scattered clouds
119,Tiznit,MA,29.5833,-9.5,55.47,42,96,11.25,overcast clouds
120,Beringovskiy,RU,63.05,179.3167,5.74,95,100,3.53,overcast clouds
121,Meru,KE,0.0463,37.6559,57.85,78,39,4.14,scattered clouds
122,Barrow,US,71.2906,-156.7887,-16.58,76,0,8.05,clear sky
123,Pendleton,US,45.6721,-118.7886,36.05,81,100,0.0,overcast clouds
124,Leningradskiy,RU,69.3833,178.4167,-17.99,94,37,2.33,scattered clouds
125,Mackay,AU,-21.15,149.2,82.69,74,89,17.6,overcast clouds
126,Olinda,BR,-8.0089,-34.8553,82.13,74,0,4.61,moderate rain
127,Dhing,IN,26.4667,92.4667,55.33,64,2,4.76,clear sky
128,Waddan,LY,29.1614,16.139,44.82,56,65,3.58,broken clouds
129,Eyemouth,GB,55.8713,-2.0901,42.84,84,87,9.69,overcast clouds
130,Saryozek,KZ,44.3583,77.9753,13.41,73,1,4.63,clear sky
131,Fairbanks,US,64.8378,-147.7164,-6.39,73,100,3.44,overcast clouds
132,Ouesso,CG,1.6136,16.0517,69.28,36,90,1.52,overcast clouds
133,Cordele,US,31.9635,-83.7824,47.75,61,0,3.44,clear sky
134,Saint-Augustin,CA,51.226,-58.6502,-15.95,99,47,2.44,scattered clouds
135,Rocha,UY,-34.4833,-54.3333,63.99,66,46,5.48,scattered clouds
136,Tiksi,RU,71.6872,128.8694,-14.51,97,29,10.4,scattered clouds
137,Buckeye,US,33.3703,-112.5838,70.12,20,0,3.44,clear sky
138,Truro,GB,50.2653,-5.0544,43.56,91,23,3.74,few clouds
139,Templin,DE,53.1186,13.5022,42.71,86,90,21.74,overcast clouds
140,Yellowknife,CA,62.456,-114.3525,-5.28,84,40,3.44,scattered clouds
141,Upata,VE,8.0086,-62.3989,75.2,61,15,4.63,few clouds
142,Sirjan,IR,29.452,55.6814,45.39,64,2,10.04,clear sky
143,Havoysund,NO,70.9963,24.6622,23.88,83,100,15.59,light snow
144,Atar,MR,20.5169,-13.0499,65.93,36,100,5.37,overcast clouds
145,Iralaya,HN,15.0,-83.2333,76.91,79,5,8.9,clear sky
146,Margate,GB,51.3813,1.3862,44.31,85,24,3.0,few clouds
147,Esperance,AU,-33.8667,121.9,66.79,64,46,11.48,scattered clouds
148,Peremyshl,RU,54.2631,36.1606,19.96,93,98,11.54,snow
149,Neuquen,AR,-38.9516,-68.0591,82.29,26,0,8.05,clear sky
150,Vestmanna,FO,62.1564,-7.1664,40.12,81,75,14.97,broken clouds
151,Loukhi,RU,66.0764,33.0381,7.03,99,98,1.57,overcast clouds
152,Lagoa,PT,39.05,-27.9833,59.11,74,22,16.42,few clouds
153,Luderitz,NA,-26.6481,15.1594,67.59,74,0,22.17,clear sky
154,Nanortalik,GL,60.1432,-45.2371,12.88,76,60,10.96,broken clouds
155,Korem,ET,12.5058,39.5228,46.9,77,9,2.01,clear sky
156,Dashitou,CN,43.3067,128.5114,3.47,87,45,8.01,scattered clouds
157,Podolinec,SK,49.2587,20.536,34.92,94,100,5.17,overcast clouds
158,Tiarei,PF,-17.5333,-149.3333,82.42,76,14,17.81,light rain
159,Zhaotong,CN,27.3167,103.7167,30.33,96,100,6.73,overcast clouds
160,Port-Cartier,CA,50.0334,-66.8654,13.75,93,100,3.74,overcast clouds
161,Constitucion,CL,-35.3333,-72.4167,60.08,94,19,5.3,few clouds
162,Arman,RU,59.7,150.1667,2.17,81,100,14.45,overcast clouds
163,Castro,BR,-24.7911,-50.0119,65.64,93,100,0.98,overcast clouds
164,Kitoy,RU,52.6,103.9,-10.14,100,96,1.72,overcast clouds
165,Gamba,GA,-2.65,10.0,76.53,87,99,1.79,overcast clouds
166,Geraldton,AU,-28.7667,114.6,84.61,37,0,13.8,clear sky
167,Tungor,RU,53.3808,142.9564,-11.4,95,74,12.01,broken clouds
168,Peruibe,BR,-24.32,-46.9983,74.84,96,100,5.53,moderate rain
169,Trofors,NO,65.5333,13.4063,32.02,88,97,4.61,overcast clouds
170,Penzance,GB,50.1186,-5.5371,48.76,82,79,4.03,broken clouds
171,Sosva,RU,59.1766,61.8558,6.26,89,31,7.09,scattered clouds
172,Stryn,NO,61.9045,6.7226,38.98,98,100,5.57,snow
173,Mutis,CO,6.2262,-77.4044,78.21,84,90,1.63,overcast clouds
174,Nyurba,RU,63.2842,118.3319,-9.8,94,40,5.97,scattered clouds
175,Kerugoya,KE,-0.4989,37.2803,56.64,83,69,4.85,broken clouds
176,Mezen,RU,65.8522,44.24,10.33,95,100,6.96,overcast clouds
177,Yar-Sale,RU,66.8333,70.8333,1.27,98,100,6.46,overcast clouds
178,Caravelas,BR,-17.7125,-39.2481,76.08,87,2,5.41,clear sky
179,Sabha,LY,27.0377,14.4283,43.9,43,40,7.83,scattered clouds
180,Bhinmal,IN,25.0,72.25,54.55,33,0,6.87,clear sky
181,Berlevag,NO,70.8578,29.0864,26.83,88,100,7.29,overcast clouds
182,Lompoc,US,34.6391,-120.4579,68.77,47,0,13.8,clear sky
183,Abancay,PE,-13.6339,-72.8814,60.89,77,91,2.28,overcast clouds
184,Alyangula,AU,-13.8483,136.4192,85.87,79,100,10.36,moderate rain
185,Chernyshevskiy,RU,63.0128,112.4714,-12.46,96,98,6.67,overcast clouds
186,Kicevo,MK,41.5144,20.9633,27.37,82,29,4.14,scattered clouds
187,Longyearbyen,SJ,78.2186,15.6401,10.24,72,75,8.05,broken clouds
188,Yenangyaung,MM,20.4667,94.8833,62.02,69,5,1.57,clear sky
189,Carnarvon,AU,-24.8667,113.6333,78.87,73,40,4.61,scattered clouds
190,Paamiut,GL,61.994,-49.6678,2.62,88,57,10.63,broken clouds
191,Komsomolskiy,UZ,40.4272,71.7189,27.82,63,66,9.22,broken clouds
192,Oranjemund,NA,-28.55,16.4333,64.69,87,53,16.35,broken clouds
193,Talnakh,RU,69.4865,88.3972,4.21,93,100,16.31,light snow
194,Coihaique,CL,-45.5752,-72.0662,79.41,29,0,4.61,clear sky
195,Kawalu,ID,-7.3817,108.2082,74.48,91,100,1.03,overcast clouds
196,Batagay-Alyta,RU,67.8006,130.4114,-21.87,93,83,3.11,broken clouds
197,Innisfail,AU,-17.5333,146.0333,79.39,91,100,5.06,overcast clouds
198,Kosonsoy,UZ,41.2561,71.5508,23.56,20,49,5.91,scattered clouds
199,Aginskoye,RU,51.1,114.53,-14.15,98,13,5.86,few clouds
200,Tilichiki,RU,60.4667,166.1,26.78,81,100,31.41,light snow
201,Pulandian,CN,39.3953,121.9669,23.13,54,37,4.79,scattered clouds
202,Bozuyuk,TR,39.9078,30.0367,15.06,91,29,5.35,scattered clouds
203,Bontang,ID,0.1333,117.5,78.12,83,100,3.91,light rain
204,Naze,JP,28.3667,129.4833,59.92,80,92,9.28,overcast clouds
205,Manggar,ID,-2.8833,108.2667,78.62,82,100,7.05,overcast clouds
206,Gilroy,US,37.0058,-121.5683,69.48,34,0,0.0,clear sky
207,Mahebourg,MU,-20.4081,57.7,73.69,83,40,5.75,scattered clouds
208,Oudtshoorn,ZA,-33.5907,22.2014,64.76,82,25,2.95,scattered clouds
209,Teya,RU,60.3778,92.6267,-13.05,100,97,3.18,overcast clouds
210,Tommot,RU,58.9564,126.2925,-1.28,97,100,8.34,light snow
211,Sorong,ID,-0.8833,131.25,80.96,79,91,3.51,light rain
212,Pingliang,CN,35.5392,106.6861,19.92,88,100,5.5,overcast clouds
213,Kaitangata,NZ,-46.2817,169.8464,59.94,61,35,5.88,scattered clouds
214,Sinamar,PH,16.9,121.5667,73.85,89,92,2.44,overcast clouds
215,Guarapari,BR,-20.6667,-40.4975,78.89,84,8,13.58,clear sky
216,Taft,IR,31.7471,54.2088,53.55,30,0,6.91,clear sky
217,Ancud,CL,-41.8697,-73.8203,72.93,79,0,4.85,clear sky
218,Kruisfontein,ZA,-34.0033,24.7314,64.89,83,100,7.23,overcast clouds
219,Bundaberg,AU,-24.85,152.35,86.22,57,100,5.01,overcast clouds
220,Waipawa,NZ,-41.4122,175.5153,63.93,49,70,7.56,broken clouds
221,Hamilton,US,39.1834,-84.5333,36.36,67,100,8.05,overcast clouds
222,Chateauroux,FR,46.8167,1.7,34.75,100,100,4.61,mist
223,Gouyave,GD,12.1646,-61.7296,74.17,88,75,11.5,broken clouds
224,Lebu,CL,-37.6167,-73.65,61.38,91,8,4.36,clear sky
225,Smithers,CA,54.7804,-127.1743,25.12,74,75,3.44,broken clouds
226,Dikson,RU,73.5069,80.5464,1.02,95,100,25.59,overcast clouds
227,Cochrane,CA,51.1834,-114.4687,43.84,30,0,11.5,clear sky
228,Salalah,OM,17.0151,54.0924,71.69,68,20,2.3,few clouds
229,Ishigaki,JP,24.3448,124.1572,73.53,83,75,16.11,broken clouds
230,Yumen,CN,40.2833,97.2,17.6,43,5,6.98,clear sky
231,Prado,BR,-17.3411,-39.2208,76.95,87,16,7.7,few clouds
232,Mpongwe,ZM,-13.5091,28.155,64.0,98,100,3.06,overcast clouds
233,Monywa,MM,22.1167,95.1333,60.82,83,3,6.26,clear sky
234,Barcelos,PT,41.5388,-8.6151,52.68,64,0,6.29,clear sky
235,Skibbereen,IE,51.55,-9.2667,40.8,90,84,4.97,broken clouds
236,Sept-Iles,CA,50.2001,-66.3821,14.05,71,75,10.0,broken clouds
237,Alofi,NU,-19.0595,-169.9187,85.89,70,75,13.8,broken clouds
238,Denpasar,ID,-8.65,115.2167,80.26,83,75,4.61,heavy intensity rain
239,Male,MV,4.1748,73.5089,76.95,69,20,2.3,few clouds
240,Igrim,RU,63.1906,64.4162,5.94,95,99,5.97,overcast clouds
241,Kondoa,TZ,-4.9,35.7833,61.7,91,100,3.33,overcast clouds
242,Korla,CN,41.7597,86.1469,20.75,64,0,3.24,clear sky
243,Locri,IT,38.2414,16.2623,53.94,81,64,10.49,broken clouds
244,Tonj,SS,7.2737,28.6822,73.22,23,61,6.2,broken clouds
245,Manama,BH,26.2154,50.5832,64.38,58,0,23.02,clear sky
246,Tura,IN,25.5198,90.2201,46.83,66,0,2.8,clear sky
247,Luganville,VU,-15.5333,167.1667,78.89,90,100,7.65,overcast clouds
248,Tupancireta,BR,-29.0806,-53.8358,65.59,80,94,16.33,overcast clouds
249,Chiredzi,ZW,-21.05,31.6667,71.76,92,94,8.48,overcast clouds
250,Pangnirtung,CA,66.1451,-65.7125,-14.04,89,100,6.42,overcast clouds
251,Gizo,SB,-8.103,156.8419,79.75,82,100,11.36,overcast clouds
252,Padang,ID,-0.9492,100.3543,75.25,86,100,4.05,overcast clouds
253,Illapel,CL,-31.6308,-71.1653,67.32,71,0,5.44,clear sky
254,Ilulissat,GL,69.2167,-51.1,6.82,72,20,10.36,few clouds
255,Whyalla,AU,-33.0333,137.5833,75.09,69,100,17.27,overcast clouds
256,Dingle,PH,10.9995,122.6711,79.2,86,78,6.73,broken clouds
257,Cabadiangan,PH,9.7531,122.4739,80.96,77,63,5.66,broken clouds
258,Navahrudak,BY,53.6,25.8333,31.95,97,100,16.51,light snow
259,Nayoro,JP,44.3506,142.4578,12.81,88,90,1.32,overcast clouds
260,Lerwick,GB,60.1545,-1.1494,41.0,68,57,9.82,broken clouds
261,Washington,US,47.5001,-120.5015,28.89,79,95,2.91,overcast clouds
262,Caconda,AO,-13.7333,15.0667,60.13,97,100,3.6,light rain
263,Dukat,RU,62.55,155.55,-7.69,100,100,8.7,light snow
264,Goroka,PG,-6.0834,145.3873,73.87,62,93,1.01,overcast clouds
265,Koumac,NC,-20.5667,164.2833,87.03,62,24,5.66,few clouds
266,Namibe,AO,-15.1961,12.1522,74.55,83,100,4.74,overcast clouds
267,Veraval,IN,20.9,70.3667,62.15,38,0,15.23,clear sky
268,Klyuchi,RU,52.2667,79.1667,-6.86,99,94,6.29,overcast clouds
269,Zwedru,LR,6.0667,-8.1281,72.25,91,55,3.31,broken clouds
270,Kahului,US,20.8947,-156.47,84.22,64,20,13.8,few clouds
271,Tual,ID,-5.6667,132.75,84.16,72,96,8.84,overcast clouds
272,Bagotville,AU,-28.9833,153.4167,80.42,90,37,8.21,scattered clouds
273,Tarut,SA,26.5733,50.0369,64.38,46,0,23.11,clear sky
274,Tartagal,AR,-22.5164,-63.8013,69.3,95,100,5.86,overcast clouds
275,Arlit,NE,18.7369,7.3853,59.49,25,46,7.58,scattered clouds
276,Mbandaka,CD,0.0487,18.2603,75.11,54,75,2.59,broken clouds
277,Bogovarovo,RU,58.9785,47.0246,0.61,99,100,4.94,overcast clouds
278,Stolin,BY,51.8912,26.846,33.01,97,100,15.08,light snow
279,Westport,US,41.1415,-73.3579,32.76,72,75,11.01,broken clouds
280,Fairview,US,40.8126,-73.999,31.24,49,0,9.22,clear sky
281,Pochutla,MX,15.7432,-96.4661,82.22,62,16,5.23,few clouds
282,Ballina,AU,-28.8667,153.5667,80.56,75,100,11.5,overcast clouds
283,Eyl,SO,7.9803,49.8164,72.19,71,95,16.49,overcast clouds
284,Weligama,LK,5.9667,80.4167,71.44,87,91,6.6,overcast clouds
285,Bintulu,MY,3.1667,113.0333,75.61,94,20,3.44,few clouds
286,Kisangani,CD,0.5167,25.2,71.17,86,83,2.08,broken clouds
287,Kaliua,TZ,-5.0606,31.7936,66.04,92,100,1.72,overcast clouds
288,Saint-Georges,GD,12.0564,-61.7485,74.88,88,75,11.5,broken clouds
289,Ixtapa,MX,20.7,-105.2,74.43,73,75,12.66,broken clouds
290,Klaksvik,FO,62.2266,-6.589,41.92,73,96,18.37,overcast clouds
291,Nuuk,GL,64.1835,-51.7216,12.81,62,20,10.36,light shower snow
292,Ranong,TH,9.9658,98.6348,74.77,91,40,4.56,scattered clouds
293,Finschhafen,PG,-6.6024,147.8681,85.42,71,98,9.17,overcast clouds
294,Buala,SB,-8.145,159.5921,79.25,86,100,3.85,light rain
295,Beaverlodge,CA,55.2166,-119.4361,25.95,81,74,2.26,broken clouds
296,Birin,NP,26.8865,88.0718,36.64,78,6,3.49,clear sky
297,Harper,LR,4.375,-7.7169,79.02,81,28,6.44,scattered clouds
298,Ulladulla,AU,-35.35,150.4667,84.87,57,1,10.92,clear sky
299,Kasimov,RU,54.9411,41.3953,2.77,97,99,6.4,overcast clouds
300,Salinopolis,BR,-0.6136,-47.3561,74.44,95,100,12.75,overcast clouds
301,Kattivakkam,IN,13.2167,80.3167,79.07,81,56,12.95,broken clouds
302,Caucaia,BR,-3.7361,-38.6531,81.07,77,40,2.3,scattered clouds
303,Axim,GH,4.8699,-2.2405,78.75,86,20,5.44,few clouds
304,Mukono,UG,0.3533,32.7553,67.23,76,84,1.48,broken clouds
305,Helong,CN,42.5397,128.9972,8.53,79,12,5.84,few clouds
306,Tuatapere,NZ,-46.1333,167.6833,66.81,41,78,4.72,broken clouds
307,Batsfjord,NO,70.6345,29.7185,24.73,89,100,5.17,light snow
308,Coquimbo,CL,-29.9533,-71.3436,63.23,80,28,7.92,scattered clouds
309,Bathsheba,BB,13.2167,-59.5167,74.01,83,20,6.91,few clouds
310,Ivankiv,UA,50.9386,29.8943,34.03,97,100,13.47,snow
311,Cabedelo,BR,-6.9811,-34.8339,77.67,80,70,7.92,broken clouds
312,Rognan,NO,67.0953,15.3878,32.14,86,100,12.35,snow
313,Jiaozuo,CN,35.2397,113.2331,31.53,90,91,2.68,overcast clouds
314,Vostok,RU,46.4856,135.8833,-1.34,95,100,4.29,overcast clouds
315,Srostki,RU,52.4189,85.7022,2.46,97,100,3.74,overcast clouds
316,Mitsamiouli,KM,-11.3847,43.2844,79.27,76,35,2.35,scattered clouds
317,Krasnovishersk,RU,60.4078,57.082,4.89,96,100,4.97,overcast clouds
318,Buchanan,LR,5.8808,-10.0467,76.96,79,84,6.2,light rain
319,Portland,US,45.5234,-122.6762,51.57,59,0,1.01,clear sky
320,Yei,SS,4.095,30.6779,71.22,37,57,0.65,broken clouds
321,Lavrentiya,RU,65.5833,-171.0,-10.93,88,44,3.11,scattered clouds
322,Kuching,MY,1.55,110.3333,77.22,94,20,2.3,mist
323,Aliquippa,US,40.6367,-80.2401,33.73,64,100,4.0,light snow
324,Whitianga,NZ,-36.8333,175.7,67.87,53,7,11.01,clear sky
325,Tonder,DK,54.9331,8.8667,42.84,80,34,8.01,scattered clouds
326,Nkan,GA,0.3833,9.7833,75.67,92,95,1.41,overcast clouds
327,Casino,AU,-28.8667,153.05,80.35,69,80,6.91,broken clouds
328,Dalvik,IS,65.9702,-18.5286,33.73,86,100,11.34,light snow
329,Xuddur,SO,4.1213,43.8894,70.47,44,81,10.78,broken clouds
330,Zunyi,CN,27.6867,106.9072,34.84,94,100,3.2,light snow
331,Palmer,US,42.1584,-72.3287,22.42,56,75,1.99,broken clouds
332,Tomatlan,MX,19.9333,-105.25,79.74,51,82,8.01,broken clouds
333,Esso,RU,55.9333,158.7,23.47,95,100,2.75,light snow
334,Covington,US,39.0837,-84.5086,36.84,66,100,8.05,overcast clouds
335,Giddalur,IN,15.35,78.9167,62.51,53,28,5.17,scattered clouds
336,Shingu,JP,33.7333,135.9833,47.39,60,80,4.88,broken clouds
337,Victoria,HK,22.2855,114.1577,68.18,93,80,8.99,broken clouds
338,Hailey,US,43.5196,-114.3153,22.86,58,0,4.61,clear sky
339,Biak,ID,-0.9131,122.8766,78.35,82,100,1.07,overcast clouds
340,Tongchuan,CN,35.0806,109.0897,28.69,78,100,3.67,light snow
341,Asau,RO,46.4333,26.4,34.72,89,91,7.94,overcast clouds
342,Bonito,BR,-21.1211,-56.4819,73.47,88,100,2.33,overcast clouds
343,Dhidhdhoo,MV,6.8833,73.1,78.98,65,30,8.41,scattered clouds
344,Bilma,NE,18.6853,12.9164,56.46,26,2,9.42,clear sky
345,Santiago,CL,-33.4569,-70.6483,73.17,50,0,11.5,clear sky
346,Dharchula,IN,29.85,80.5333,36.19,47,0,8.57,clear sky
347,Katobu,ID,-4.9408,122.5276,84.02,70,100,6.6,overcast clouds
348,Kirensk,RU,57.7853,108.1119,-19.53,100,97,1.34,overcast clouds
349,Horadiz,AZ,39.4488,47.3353,34.57,85,99,2.06,overcast clouds
350,Kalanwali,IN,29.85,74.95,44.46,60,0,3.62,clear sky
351,Zaysan,KZ,47.4667,84.8667,-4.85,85,72,3.4,broken clouds
352,Bereda,ES,43.2686,-7.5406,46.92,100,11,2.98,few clouds
353,Praia,CV,14.9215,-23.5087,70.34,68,75,20.71,broken clouds
354,Namatanai,PG,-3.6667,152.4333,85.53,68,56,6.78,light rain
355,Marsabit,KE,2.3284,37.9899,66.4,49,100,6.04,overcast clouds
356,Alappuzha,IN,9.49,76.3264,74.79,80,76,5.82,broken clouds
357,Maceio,BR,-9.6658,-35.7353,80.04,89,20,4.61,few clouds
358,Cherrapunji,IN,25.3,91.7,38.68,65,0,3.31,clear sky
359,Camacha,PT,33.0833,-16.3333,55.53,88,40,8.05,scattered clouds
360,Melilla,ES,35.2937,-2.9383,57.58,82,0,9.22,clear sky
361,Demba,CD,-5.51,22.2667,68.13,90,98,1.12,overcast clouds
362,Beyneu,KZ,45.3167,55.2,31.06,92,100,7.29,overcast clouds
363,Chahal,GT,15.75,-89.5667,69.55,92,67,1.39,broken clouds
364,Hami,CN,42.8,93.45,21.85,45,3,2.66,clear sky
365,Benguela,AO,-12.5763,13.4055,78.55,77,100,6.89,light rain
366,Pemangkat,ID,1.1667,108.9667,78.55,84,100,5.7,overcast clouds
367,Matara,LK,5.9485,80.5353,71.71,85,14,6.42,few clouds
368,Laguna,US,38.421,-121.4238,66.04,47,0,1.99,clear sky
369,Laurentides,CA,46.4334,-74.9826,16.0,93,100,9.69,light snow
370,Pevek,RU,69.7008,170.3133,-27.45,99,29,3.4,scattered clouds
371,Muravlenko,RU,63.7898,74.523,8.2,94,99,14.36,overcast clouds
372,Acarau,BR,-2.8856,-40.12,76.23,86,100,8.21,overcast clouds
373,Omsukchan,RU,62.5333,155.8,-5.8,98,100,10.11,overcast clouds
374,Auki,SB,-8.7676,160.7034,78.48,90,100,5.06,overcast clouds
375,Ndioum,SN,16.5129,-14.6471,73.29,27,9,11.27,clear sky
376,Deputatskiy,RU,69.3,139.9,-22.59,98,31,4.0,scattered clouds
377,Eden,US,36.4885,-79.7667,38.48,64,0,0.0,clear sky
378,Mareeba,AU,-17.0,145.4333,82.49,86,95,2.28,overcast clouds
379,Brae,GB,60.3964,-1.353,40.91,73,48,11.56,scattered clouds
380,Kudahuvadhoo,MV,2.6708,72.8944,80.51,51,100,3.94,overcast clouds
381,Sabla,NG,12.7525,4.7077,66.0,21,0,15.14,clear sky
382,Jibuti,DJ,11.5,42.5,69.22,64,100,6.76,overcast clouds
383,Radomsko,PL,51.0671,19.4448,36.52,97,100,21.43,overcast clouds
384,Pimentel,PE,-6.8367,-79.9342,70.81,84,100,11.5,overcast clouds
385,Jardim,BR,-21.4803,-56.1381,75.22,80,100,3.33,overcast clouds
386,Tromso,NO,69.6496,18.957,25.38,93,100,10.36,shower snow
387,Nereju,RO,45.7167,26.7167,27.48,79,99,6.6,overcast clouds
388,Misratah,LY,32.3754,15.0925,53.56,62,35,9.26,scattered clouds
389,Gat,IL,31.61,34.7642,47.91,100,100,11.05,overcast clouds
390,Ailigandi,PA,9.2333,-78.0167,78.35,84,83,13.38,broken clouds
391,Ulaanbaatar,MN,47.9077,106.8832,-25.47,68,5,2.24,clear sky
392,Hirara,JP,24.8,125.2833,71.46,83,75,12.66,broken clouds
393,Jalu,LY,29.0331,21.5482,49.95,73,98,6.4,overcast clouds
394,Tupik,RU,54.4253,119.9327,-12.32,92,14,3.6,few clouds
395,Douala,CM,4.0483,9.7043,76.91,100,75,2.3,broken clouds
396,Belmonte,BR,-15.8631,-38.8828,77.5,86,99,6.62,overcast clouds
397,Kautokeino,NO,69.0125,23.0412,12.97,95,100,2.15,light snow
398,Filadelfia,US,39.9523,-75.1638,29.01,54,0,3.44,clear sky
399,Batagay,RU,67.6333,134.6333,-27.71,97,79,4.72,broken clouds
400,Tautira,PF,-17.7333,-149.15,82.42,76,22,17.9,light rain
401,Katsuura,JP,35.1333,140.3,47.1,97,100,9.48,overcast clouds
402,Barmer,IN,25.75,71.3833,53.4,29,0,4.0,clear sky
403,Ratnagiri,IN,16.9833,73.3,71.65,46,0,10.47,clear sky
404,Bikaner,IN,28.0167,73.3,54.03,27,0,3.83,clear sky
405,Merauke,ID,-8.4667,140.3333,85.05,68,100,7.34,overcast clouds
406,Corinto,GR,37.9407,22.9573,43.68,77,0,3.4,clear sky
407,Enugu,NG,6.4402,7.4943,72.48,23,0,2.91,clear sky
408,Inhambane,MZ,-23.865,35.3833,75.79,81,63,7.27,broken clouds
409,Pecangakan,ID,-6.9302,109.1188,80.67,80,100,1.79,overcast clouds
410,Opuwo,NA,-18.0607,13.84,72.59,64,100,6.42,overcast clouds
411,Gambela,ET,8.25,34.5833,77.47,36,67,1.45,broken clouds
412,Ladyzhyn,UA,48.685,29.2368,31.14,84,100,9.57,overcast clouds
413,Kudligi,IN,14.9,76.3833,63.75,75,6,10.78,clear sky
414,Ambulu,ID,-8.345,113.6058,81.07,82,69,2.44,broken clouds
415,Christchurch,NZ,-43.5333,172.6333,66.33,57,20,3.0,few clouds
416,Huambo,AO,-12.7761,15.7392,59.0,98,100,2.26,light rain
417,Darnah,LY,32.767,22.6367,55.24,70,61,19.3,broken clouds
418,Sisimiut,GL,66.9395,-53.6735,5.18,82,100,15.52,overcast clouds
419,Weatherford,US,32.7593,-97.7972,48.76,62,84,1.99,broken clouds
420,Iskateley,RU,67.6803,53.1512,8.4,95,96,12.53,overcast clouds
421,Salinas,US,36.6777,-121.6555,70.0,53,0,14.97,clear sky
422,Constantine,DZ,36.365,6.6147,35.01,86,0,2.3,clear sky
423,Okhotsk,RU,59.3833,143.3,-2.04,80,100,18.7,overcast clouds
424,Terrace,CA,54.5163,-128.6035,31.91,93,75,4.61,broken clouds
425,Apollonia,GR,36.9716,24.7231,44.91,54,7,10.31,clear sky
426,Chicama,PE,-7.8447,-79.1469,68.54,79,100,6.04,overcast clouds
427,Iringa,TZ,-7.7667,35.7,59.83,96,100,2.75,light rain
428,Kurilsk,RU,45.2333,147.8833,22.59,63,100,12.75,overcast clouds
429,Cidreira,BR,-30.1811,-50.2056,71.85,65,84,12.73,broken clouds
430,Honningsvag,NO,70.9821,25.9704,29.62,77,100,14.43,snow
431,Kholtoson,RU,50.2981,103.3097,-11.9,100,56,1.34,broken clouds
432,Rybnoye,RU,54.7256,39.5119,6.31,94,25,10.74,scattered clouds
433,Afrikanda,RU,67.4429,32.7828,5.56,99,100,1.32,overcast clouds
434,Hiranagar,IN,32.45,75.2667,43.86,65,0,0.27,clear sky
435,Avera,US,33.194,-82.5271,43.72,45,26,5.91,scattered clouds
436,Onguday,RU,50.75,86.15,-15.7,99,46,2.59,scattered clouds
437,Bitkine,TD,11.9801,18.2138,66.04,22,100,8.63,overcast clouds
438,Reinosa,ES,42.9996,-4.138,36.21,59,0,4.38,clear sky
439,Kita,ML,13.0349,-9.4895,74.8,14,5,2.53,clear sky
440,Yanam,IN,16.7333,82.2167,70.36,78,86,6.17,overcast clouds
441,Lar,IN,26.2039,83.9717,47.55,87,11,7.14,few clouds
442,Sorsk,RU,54.0033,90.2467,-9.62,98,39,3.0,scattered clouds
443,Ondarroa,ES,43.3167,-2.4167,44.64,85,3,2.71,clear sky
444,Bedele,ET,8.456,36.353,57.52,57,95,2.48,overcast clouds
445,Husavik,IS,66.0449,-17.3389,33.71,80,100,14.23,overcast clouds
446,Emba,KZ,48.8264,58.1442,14.54,91,100,10.96,overcast clouds
447,Trinidad,BO,-14.8333,-64.9,76.91,89,74,3.8,broken clouds
448,Qaqortoq,GL,60.7167,-46.0333,18.1,89,5,5.3,clear sky
449,Blagodatnoye,RU,45.3997,42.5867,22.12,96,91,5.7,overcast clouds
450,Lanzhou,CN,36.0564,103.7922,15.08,92,100,1.01,light snow
451,Lisala,CD,2.15,21.5167,69.49,47,92,1.03,overcast clouds
452,Aswan,EG,24.0934,32.907,44.31,49,5,10.33,clear sky
453,Stepnogorsk,KZ,52.3544,71.8869,2.55,86,100,7.36,overcast clouds
454,Tougue,GN,11.4667,-11.6,67.19,22,45,2.84,scattered clouds
455,Roma,US,43.2128,-75.4557,29.03,52,100,8.05,overcast clouds
456,Oktyabrskoye,RU,43.0645,44.7417,21.34,100,97,4.47,mist
457,Ginir,ET,7.1333,40.7,56.41,30,77,5.44,broken clouds
458,Caapucu,PY,-26.2167,-57.2,76.95,67,100,11.92,overcast clouds
459,Tlapacoyan,MX,19.9667,-97.2167,63.03,98,100,0.58,overcast clouds
460,Pietersburg,ZA,-23.9045,29.4688,65.25,88,95,3.44,overcast clouds
461,Kijang,KR,35.2442,129.2139,38.93,22,57,3.62,broken clouds
462,Hambantota,LK,6.1241,81.1185,66.54,100,0,1.14,clear sky
463,Havre-Saint-Pierre,CA,50.2334,-63.5986,19.4,62,100,14.97,overcast clouds
464,Cortland,US,42.6001,-76.083,26.2,54,100,10.36,overcast clouds
465,Muros,ES,42.7762,-9.0603,47.08,79,0,11.07,clear sky
466,Goianesia,BR,-15.3175,-49.1175,67.37,95,7,2.35,clear sky
467,Maunabo,PR,18.0072,-65.8993,76.84,82,0,8.12,clear sky
468,Mmabatho,ZA,-25.85,25.6333,69.76,78,92,3.44,overcast clouds
469,Tias,ES,28.9611,-13.645,55.15,67,20,10.36,few clouds
470,Chilca,PE,-12.5211,-76.7372,71.76,89,100,6.15,overcast clouds
471,Waingapu,ID,-9.6567,120.2641,83.61,72,100,12.24,overcast clouds
472,Onokhoy,RU,51.932,108.0747,-25.29,100,66,1.79,broken clouds
473,Suleya,RU,55.1352,58.8792,-0.85,98,94,3.27,overcast clouds
474,Novikovo,RU,51.1537,37.8879,-1.1,100,100,5.14,light snow
475,Zhigalovo,RU,54.8097,105.1578,-22.99,100,93,0.54,overcast clouds
476,Yeppoon,AU,-23.1333,150.7333,83.98,61,85,16.6,overcast clouds
477,Ullapool,GB,57.8987,-5.1604,45.36,86,100,9.01,overcast clouds
478,Mehamn,NO,71.0357,27.8492,28.69,91,100,9.24,snow
479,Caraballeda,VE,10.6112,-66.8522,74.64,89,20,6.02,few clouds
480,Necochea,AR,-38.5473,-58.7368,60.04,72,0,4.76,clear sky
481,Jutai,BR,-5.1833,-68.9,74.68,97,100,1.57,overcast clouds
482,Trairi,BR,-3.2778,-39.2689,74.73,91,100,5.86,overcast clouds
483,Chodavaram,IN,17.8333,82.95,69.64,83,7,3.18,clear sky
484,Wajid,SO,3.8093,43.2471,74.25,35,100,13.51,overcast clouds
485,Gushikawa,JP,26.3544,127.8686,67.23,94,0,6.91,clear sky
486,Payo,ID,-3.7508,103.6372,75.42,89,30,1.86,scattered clouds
487,Bilibino,RU,68.0546,166.4372,-16.82,95,78,3.29,broken clouds
488,Dubbo,AU,-32.25,148.6167,77.13,69,100,8.05,overcast clouds
489,Nouakchott,MR,18.0858,-15.9785,66.13,64,87,14.18,overcast clouds
490,Gaozhou,CN,21.9392,110.8461,68.85,77,1,3.15,clear sky
491,Meulaboh,ID,4.1363,96.1285,77.38,87,72,3.49,broken clouds
492,Boldumsaz,TM,42.1282,59.671,33.85,65,100,2.37,overcast clouds
493,Lamu,KE,-2.2717,40.902,77.22,87,40,6.11,scattered clouds
494,Delijan,IR,33.9905,50.6838,33.98,51,0,5.5,clear sky
495,Ust-Maya,RU,60.4167,134.5333,-35.63,98,74,0.07,broken clouds
496,Hobyo,SO,5.3505,48.5268,75.96,72,100,19.3,overcast clouds
497,Statesboro,US,32.4488,-81.7832,44.47,60,0,0.0,clear sky
498,Tevaitoa,PF,-16.7833,-151.5,80.87,76,20,16.24,light rain
499,Daru,PG,-9.0763,143.2092,83.57,69,100,5.77,overcast clouds
500,Amberley,US,39.2048,-84.428,35.11,67,100,1.99,overcast clouds
501,Hearst,CA,49.6835,-83.6665,-7.35,90,100,9.48,overcast clouds
502,Pitkyaranta,RU,61.5734,31.4792,19.15,96,100,7.31,overcast clouds
503,Fortuna,US,40.5982,-124.1573,58.08,70,0,4.0,clear sky
504,Ust-Nera,RU,64.5667,143.2,-24.83,97,100,1.92,overcast clouds
505,Whitehorse,CA,60.7161,-135.0538,29.17,80,100,20.71,overcast clouds
506,Give,DK,55.8398,9.25,40.89,70,20,23.02,few clouds
507,Pitimbu,BR,-7.4706,-34.8086,77.59,79,96,6.67,overcast clouds
508,Dornach,CH,47.4804,7.6164,38.17,86,100,2.3,overcast clouds
509,Asekeyevo,RU,53.5742,52.7972,-5.78,100,100,2.84,overcast clouds
510,Okha,RU,53.5739,142.9478,-8.73,94,29,13.82,scattered clouds
511,Ostrovnoy,RU,68.0531,39.5131,17.26,90,100,9.57,overcast clouds
512,Noumea,NC,-22.2763,166.4572,81.0,99,92,12.66,moderate rain
513,Marang,MY,5.2056,103.2059,73.31,77,100,0.65,overcast clouds
514,Taurage,LT,55.2522,22.2897,36.46,97,100,16.91,light rain
515,Cayambe,EC,0.05,-78.1333,51.06,91,100,0.49,moderate rain
516,Mayo,US,38.8876,-76.5119,34.2,65,0,1.01,clear sky
517,Nago,JP,26.5881,127.9761,68.07,79,87,9.91,overcast clouds
518,Saryg-Sep,RU,51.5,95.6,-8.36,99,100,1.16,overcast clouds
519,Chara,RU,56.9064,118.2631,-13.04,86,50,1.01,scattered clouds
520,Ust-Kulom,RU,61.6864,53.6902,0.46,99,99,4.05,overcast clouds
521,Bakchar,RU,57.0186,82.0711,-6.81,99,100,5.12,overcast clouds
522,Grindavik,IS,63.8424,-22.4338,41.47,93,100,24.16,overcast clouds
523,Seoul,KR,37.5683,126.9778,26.2,56,0,6.91,clear sky
524,Antalaha,MG,-14.9003,50.2788,73.11,83,87,6.35,overcast clouds
525,Baglan,AF,36.1307,68.7083,46.67,31,100,3.13,overcast clouds
526,Olafsvik,IS,64.8945,-23.7142,40.77,96,100,30.94,overcast clouds
527,Narsaq,GL,60.9167,-46.05,17.82,89,14,6.53,few clouds
528,Tandalti,SD,13.0167,31.8667,60.17,21,1,16.33,clear sky
529,Naryan-Mar,RU,67.6713,53.087,8.58,95,96,12.48,overcast clouds
530,Ketchikan,US,55.3422,-131.6461,43.27,70,75,14.97,broken clouds
531,Bantou,CN,26.2151,117.4893,56.01,85,100,3.53,overcast clouds
532,Carbondale,US,37.7273,-89.2168,36.03,60,100,4.61,overcast clouds
533,Potosi,BO,-19.5836,-65.7531,47.57,76,99,4.68,overcast clouds
534,Kaoma,ZM,-14.7833,24.8,63.68,97,100,4.83,overcast clouds
535,Svetlogorsk,BY,52.6333,29.7333,31.21,95,100,14.34,light snow
536,Gumdag,TM,39.2061,54.5906,44.76,86,100,17.47,overcast clouds
537,Altay,CN,47.8667,88.1167,-1.86,71,8,8.05,clear sky
538,Cairns,AU,-16.9167,145.7667,87.12,76,100,1.14,overcast clouds
539,Hwange,ZW,-18.3693,26.5019,66.79,99,100,3.67,overcast clouds
540,Kiunga,PG,-6.1219,141.2906,89.6,55,84,1.63,broken clouds
541,Mizdah,LY,31.4451,12.9801,42.13,67,11,2.3,few clouds
542,Poddorye,RU,57.4695,31.1156,31.14,97,100,11.18,snow
543,Nouadhibou,MR,20.931,-17.0347,62.58,82,100,16.11,overcast clouds
544,Pamplona,ES,42.8169,-1.6432,41.18,77,0,0.0,clear sky
545,Jiaozhou,CN,36.2839,120.0033,24.76,53,97,5.68,overcast clouds
546,Kankan,GN,10.3854,-9.3057,74.48,19,40,2.1,scattered clouds
547,Kununurra,AU,-15.7667,128.7333,82.38,83,40,5.75,scattered clouds
548,Hasaki,JP,35.7333,140.8333,41.4,57,100,4.79,overcast clouds
549,Zheleznodorozhnyy,RU,55.7503,38.0042,18.12,94,99,9.71,snow
550,Chisindia,RO,46.2833,22.1,32.99,97,100,4.52,light snow
551,Imbituba,BR,-28.24,-48.6703,73.81,84,100,14.25,light rain
552,Saint-Pierre,RE,-21.3393,55.4781,73.08,73,75,5.75,broken clouds
553,Adeje,ES,28.1227,-16.726,58.3,62,75,1.99,broken clouds
554,Cayenne,GF,4.9333,-52.3333,71.64,100,75,0.0,broken clouds
555,Kabalo,CD,-6.05,26.9167,66.29,98,100,2.64,overcast clouds
556,Zhongxing,CN,33.7039,118.6792,34.43,53,100,11.97,overcast clouds
557,Sobolevo,RU,54.4299,31.8996,29.16,97,100,15.14,snow
558,Aykhal,RU,66.0,111.5,-16.92,99,22,6.58,few clouds
559,Sitka,US,57.0531,-135.33,42.69,75,100,16.11,moderate rain
560,Ibra,OM,22.6906,58.5334,61.39,40,0,3.4,clear sky
561,Ibotirama,BR,-12.1853,-43.2206,69.15,93,98,2.37,overcast clouds
562,Derbent,RU,42.0678,48.2899,35.38,86,98,11.54,overcast clouds
563,Sonderso,DK,55.4853,10.2554,42.51,65,5,26.84,clear sky
564,Koudougou,BF,12.25,-2.3667,72.12,16,6,10.96,clear sky
565,Skelleftea,SE,64.7507,20.9528,25.16,69,100,1.01,overcast clouds
566,Mokhotlong,LS,-29.2894,29.0675,55.89,82,85,0.63,overcast clouds
567,Berdigestyakh,RU,62.0989,126.6992,-10.93,98,100,3.8,overcast clouds
568,Tchamba,TG,9.0333,1.4167,79.03,20,5,5.37,clear sky
569,Kochevo,RU,59.5994,54.3125,5.0,96,97,5.37,overcast clouds
570,Ende,ID,-8.8432,121.6623,82.11,80,100,4.83,overcast clouds
571,Saint-Joseph,RE,-21.3667,55.6167,71.98,83,58,8.86,light rain
572,Glubokiy,RU,48.5217,40.3258,4.69,100,99,2.68,overcast clouds
573,Langsa,ID,4.4683,97.9683,75.51,91,57,1.57,broken clouds
574,Linxia,CN,35.6003,103.2064,17.04,93,100,1.59,overcast clouds
575,Taos,US,36.4072,-105.5731,29.26,63,20,17.0,few clouds
576,Bingol,TR,38.8847,40.4939,7.68,87,15,5.7,few clouds
577,Camocim,BR,-2.9022,-40.8411,75.33,87,100,7.87,overcast clouds
578,Vorukh,TJ,39.8494,70.5838,30.81,43,100,9.4,overcast clouds
579,Oussouye,SN,12.485,-16.5469,73.58,61,10,6.26,clear sky
580,Zhoucheng,CN,35.9122,116.3117,33.62,47,100,4.0,overcast clouds
